[
  {"link":"155380757","default":true,"all":true,"color-correction":true},
  {"link":"126906598","all":true,"color-correction":true},
  {"link":"117655772","all":true,"color-correction":true},
  {"link":"223601360","all":true,"compositing":true},
  {"link":"134691721","all":true,"animation":true},
  {"link":"245322500","all":true,"animation":true},
  {"link":"154426607","all":true,"camera-tracking":true},
  {"link":"146391491","all":true,"keying-rotoscoping":true},
  {"link":"248849710","all":true,"vr":true},
  {"link":"230682214","all":true,"vr":true},
  {"link":"205038048","all":true,"vr":true},
  {"link":"204872598","all":true,"vr":true},
  {"link":"248699345","all":true,"motion-graphics":true},
  {"link":"223905281","all":true,"motion-graphics":true}
]
