{
  "rulesDirectory": [
    "node_modules/codelyzer"
  ],
  "rules":{
    "directive-selector": [true, "attribute", "gl", "camelCase"],
    "component-selector": [true, "element", "gl", "kebab-case"],
    "use-input-property-decorator": true,
    "use-output-property-decorator": true,
    "use-host-property-decorator": true,
    "no-attribute-parameter-decorator": true,
    "no-input-rename": true,
    "no-output-rename": true,
    "no-forward-ref": true,
    "use-life-cycle-interface": true,
    "use-pipe-transform-interface": true,
    "pipe-naming": [true, "camelCase", "gl"],
    "component-class-suffix": true,
    "directive-class-suffix": true,
    "import-destructuring-spacing": true,
    "templates-use-public": true,
    "no-access-missing-member": true,
    "invoke-injectable": true,
    "no-unused-variable": [true, {"ignore-pattern": "^_"}],
    "newline-before-return": false,
    "semicolon": [true, "always"],
    "quotemark": [true, "single", "avoid-escape", "avoid-template"]
  }
}